Date,Dosage (mg),Weight (lbs),Comments,Calories,Food Notes,Blood Sugar (mg/dL),Injection Site,Systolic (mmHg),Diastolic (mmHg),Waist (in),Body Fat (%),Muscle Mass (lbs)
2025-10-01,2.50,207.8,"First dose. Injected in abdomen.
No noticeable change in appetite yet.",2020,"Greek yogurt, berries; chicken salad",,,137,90,40.7,37.1,97.4
2025-10-02,2.50,208.8,Felt full after half a plate.,2770,Oatmeal; soup and sandwich,,,,,,,
2025-10-03,2.50,208.3,,1890,Chicken stir fry,,,137,87,,,
2025-10-04,2.50,208.2,,2000,,,,,,,,
2025-10-05,2.50,208.8,,1800,Chicken stir fry,,,134,87,,,
2025-10-06,2.50,207.8,,2530,"Pasta, small portion",,,,,,,
2025-10-07,2.50,206.5,Walked 45 min.,1760,,,,142,89,,,
2025-10-08,2.50,205.9,,,,,,,,40.7,36.5,96.9
2025-10-09,2.50,207.4,,2000,"Greek yogurt, berries; chicken salad",108,,142,88,,,
2025-10-11,2.50,207.6,,2100,,,,,,,,
2025-10-12,2.50,206.7,,2010,Chili,,,139,88,,,
2025-10-13,2.50,206.8,,,,,,,,,,
2025-10-14,2.50,207.6,,2220,,102,,131,90,,,
2025-10-15,2.50,206.8,,1930,"Greek yogurt, berries; chicken salad",,,,,,,
2025-10-16,2.50,207.1,"Constipation, increasing water and fiber.",1820,,,,139,89,40.9,37.0,96.3
2025-10-18,2.50,206.1,,1910,,119,,,,,,
2025-10-19,2.50,206.8,,2350,Tacos (2),,,130,82,,,
2025-10-20,2.50,206.7,,1690,,102,,,,,,
2025-10-22,2.50,204.6,,,,,,133,86,,,
2025-10-23,2.50,206.1,,,,109,,,,,,
2025-10-24,2.50,206.0,"Constipation, increasing water and fiber.",2400,,,,138,87,,,
2025-10-26,2.50,206.1,,1950,,103,,,,40.3,36.8,96.9
2025-10-27,2.50,206.7,,,,,,139,85,,,
2025-10-29,5.00,205.6,Increased to 5 mg.,2530,,,,,,,,
2025-10-31,5.00,205.1,,,,107,,138,88,,,
2025-11-01,5.00,206.0,,,,100,,,,,,
2025-11-03,5.00,205.9,,2000,Sushi,107,,134,92,,,
2025-11-04,5.00,206.5,,1880,,107,,,,,,
2025-11-05,5.00,204.8,,1470,Chicken stir fry,,,138,91,40.9,36.7,96.6
2025-11-07,5.00,206.7,Mild nausea the day after injection.,,,95,,,,,,
2025-11-08,5.00,203.8,,1610,Sushi,108,,133,85,,,
2025-11-09,5.00,206.3,,,,98,,,,,,
2025-11-11,5.00,203.6,,1870,,118,,134,87,,,
2025-11-12,5.00,203.4,,1890,Chicken stir fry,104,,,,,,
2025-11-13,5.00,205.2,Mild nausea the day after injection.,1380,,,,138,88,,,
2025-11-15,5.00,,,1640,,126,,,,40.3,37.1,96.5
2025-11-17,5.00,204.6,,,,,,134,84,,,
2025-11-18,5.00,204.6,"Dizzy standing up quickly, hydrated.",2230,Smoothie; tuna salad,105,,,,,,
2025-11-19,5.00,203.0,,1760,,,,133,90,,,
2025-11-21,5.00,203.8,"Injection site slightly red, faded by evening.",1900,Tacos (2),,,,,,,
2025-11-22,5.00,204.6,,2130,,111,,132,87,,,
2025-11-23,5.00,203.4,,,,,,,,,,
2025-11-24,5.00,204.1,,1740,,,,137,82,40.0,35.8,96.5
2025-11-25,5.00,,,2450,Smoothie; tuna salad,108,,,,,,
2025-11-26,7.50,201.0,Increased to 7.5 mg.,1290,,104,,135,90,,,
2025-11-27,7.50,200.6,"Thanksgiving. Ate slowly, felt full quickly.",2450,Thanksgiving dinner,,,,,,,
2025-11-29,7.50,200.2,,,,,,127,85,,,
2025-11-30,7.50,202.4,,,,,,,,,,
2025-12-01,7.50,202.9,,2010,,,,134,84,,,
2025-12-02,7.50,201.9,,1760,Pizza (2 slices),,,,,40.1,35.9,96.4
2025-12-03,7.50,200.8,,,,112,,137,86,,,
2025-12-04,7.50,200.8,,1630,,110,,,,,,
2025-12-05,7.50,199.0,,1680,"Pasta, small portion",96,,129,89,,,
2025-12-06,7.50,200.9,,1490,,104,,,,,,
2025-12-08,7.50,201.1,,2790,,104,,137,89,,,
2025-12-09,7.50,199.5,,1160,Pizza (2 slices),112,,,,,,
2025-12-10,7.50,198.3,,1980,Smoothie; tuna salad,109,,140,87,40.0,36.1,96.8
2025-12-11,7.50,198.7,,,,,,,,,,
2025-12-13,7.50,199.0,,1530,,116,,135,82,,,
2025-12-14,7.50,199.6,,,,,,,,,,
2025-12-15,7.50,199.0,,1880,Salad with shrimp,,,136,84,,,
2025-12-16,7.50,198.3,,1940,"Grilled chicken, vegetables",105,,,,,,
2025-12-17,7.50,198.4,,1380,Chicken stir fry,,,132,82,,,
2025-12-18,7.50,197.6,,,,109,,,,39.9,35.2,96.5
2025-12-21,7.50,197.1,,,,,,130,84,,,
2025-12-22,7.50,199.9,,1840,Sushi,108,,,,,,
2025-12-23,7.50,198.6,,,,,,139,80,,,
2025-12-24,10.00,196.8,Increased to 10 mg.,1340,Chicken stir fry,,,,,,,
2025-12-25,10.00,196.7,Christmas with family.,2600,Christmas dinner and dessert,102,,128,86,,,
2025-12-26,10.00,194.5,,,,,,,,,,
2025-12-28,10.00,197.3,,1160,Smoothie; tuna salad,,,139,87,39.3,35.5,95.6
2025-12-29,10.00,197.1,,,,104,,,,,,
2025-12-30,10.00,196.8,,1520,Salad with shrimp,101,,126,78,,,
2025-12-31,10.00,195.7,,,,109,,,,,,
2026-01-01,10.00,195.9,"New year, new dose phase soon.",1700,Leftovers,,,134,83,,,
2026-01-03,10.00,195.7,"Injection site slightly red, faded by evening.",,,,,,,,,
2026-01-04,10.00,197.0,,940,Burrito bowl,,,128,88,,,
2026-01-06,10.00,194.5,,2530,"Grilled chicken, vegetables",,,,,39.6,35.2,96.2
2026-01-07,10.00,194.5,"Injection day, rotated to thigh.",,,,,137,86,,,
2026-01-08,10.00,194.2,,,,104,,,,,,
2026-01-09,10.00,192.4,,,,104,,134,87,,,
2026-01-11,10.00,194.4,,2050,Burrito bowl,,,,,,,
2026-01-12,10.00,,,,,103,,139,87,,,
2026-01-13,10.00,193.9,,1270,Smoothie; tuna salad,103,,,,,,
2026-01-14,10.00,194.8,,1040,,,,134,87,40.3,35.3,96.3
2026-01-15,10.00,191.8,Noticeably smaller portions at dinner.,,,,,,,,,
2026-01-16,10.00,191.9,Mild nausea the day after injection.,1490,Protein shake; salmon and rice,100,,126,89,,,
2026-01-17,10.00,193.9,,,,,,,,,,
2026-01-18,10.00,192.7,,,,,,136,87,,,
2026-01-19,10.00,193.1,,,,,,,,,,
2026-01-20,10.00,193.2,,1480,Cottage cheese; steak and salad,,,124,83,,,
2026-01-21,12.50,193.3,Increased to 12.5 mg.,1540,,,,,,39.0,35.1,96.2
2026-01-23,12.50,191.7,,1530,,104,,135,79,,,
2026-01-24,12.50,191.2,,,,,,,,,,
2026-01-25,12.50,191.0,,,,112,,131,88,,,
2026-01-26,12.50,192.3,,,,,,,,,,
2026-01-27,12.50,192.7,,,,107,,126,90,,,
2026-01-28,12.50,189.6,,,,107,,,,,,
2026-01-29,12.50,189.5,"Constipation, increasing water and fiber.",,,109,,134,84,39.1,35.1,95.9
2026-01-30,12.50,189.6,,,,,,,,,,
2026-02-01,12.50,189.8,,2090,Tacos (2),104,,133,87,,,
2026-02-03,12.50,189.2,,,,99,,,,,,
2026-02-04,12.50,189.2,,1710,"Pasta, small portion",117,,132,88,,,
2026-02-08,12.50,189.6,,1210,,109,,,,,,
2026-02-09,12.50,189.8,,,,,,128,83,,,
2026-02-10,12.50,189.2,,1440,,100,,,,38.8,35.0,95.4
2026-02-11,12.50,188.3,,1320,Cottage cheese; steak and salad,103,,135,84,,,
2026-02-12,12.50,188.0,,1470,,,,,,,,
2026-02-14,12.50,188.6,,1180,,,,127,87,,,
2026-02-16,12.50,190.2,,,,109,,,,,,
2026-02-17,12.50,188.3,,,,104,,136,83,,,
2026-02-18,15.00,186.8,Increased to 15 mg.,1580,,,,,,,,
2026-02-19,15.00,187.4,,1920,,109,,125,84,39.4,34.6,95.9
2026-02-20,15.00,188.0,Slight fatigue in the afternoon.,2180,,,,,,,,
2026-02-23,15.00,187.8,,1550,,,,130,83,,,
2026-02-24,15.00,187.4,,2020,"Greek yogurt, berries; chicken salad",,,,,,,
2026-02-25,15.00,186.4,,1390,,97,,136,81,,,
2026-02-26,15.00,186.0,,1200,Smoothie; tuna salad,,,,,,,
2026-02-27,15.00,187.4,,1520,,94,,135,80,,,
2026-02-28,15.00,186.6,,1850,Chicken stir fry,,,,,38.8,34.9,95.3
2026-03-01,15.00,187.8,,1950,Chili,,,127,86,,,
2026-03-02,15.00,188.1,,,,,,,,,,
2026-03-03,15.00,186.6,,1600,,121,,134,86,,,
2026-03-04,15.00,187.7,"Injection day, rotated to thigh.",1470,Eggs and toast; turkey wrap,,,,,,,
2026-03-05,15.00,185.2,,,,108,,131,84,,,
2026-03-06,15.00,186.4,,,,,,,,,,
2026-03-07,15.00,186.7,,1840,Burrito bowl,106,,130,85,38.9,34.4,96.0
2026-03-08,15.00,186.4,,1020,Pizza (2 slices),97,,,,,,
2026-03-09,15.00,187.2,,1590,"Greek yogurt, berries; chicken salad",,,129,84,,,
2026-03-10,15.00,186.0,,1810,,,,,,,,
2026-03-11,15.00,186.5,,1740,Smoothie; tuna salad,,,131,84,,,
2026-03-12,15.00,183.7,,1810,,,,,,,,
2026-03-13,15.00,186.8,,1830,,114,,132,85,,,
2026-03-14,15.00,184.7,,1380,"Pasta, small portion",,,,,38.7,34.3,95.1
2026-03-15,15.00,186.4,,1700,Pizza (2 slices),,,137,84,,,
2026-03-16,15.00,187.5,,1460,,117,,,,,,
2026-03-17,15.00,184.9,,1460,Salad with shrimp,105,,127,82,,,
2026-03-18,15.00,184.0,,1760,,97,,,,,,
2026-03-19,15.00,184.8,,1420,,,,129,86,,,
2026-03-20,15.00,186.7,,1450,,,,,,,,
2026-03-21,15.00,185.0,,1230,Smoothie; tuna salad,124,,127,84,38.6,34.3,96.0
2026-03-22,15.00,185.3,,,,104,,,,,,
2026-03-23,15.00,,,,,106,,136,75,,,
2026-03-24,15.00,185.9,,,,,,,,,,
2026-03-25,15.00,184.6,,1600,,,,124,84,,,
2026-03-26,15.00,184.8,,,,,,,,,,
2026-03-27,15.00,185.7,,,,110,,130,84,,,
2026-03-28,15.00,183.8,,1150,,,,,,38.2,34.2,95.5
2026-03-29,15.00,184.8,,,,,,126,85,,,
2026-03-30,15.00,184.4,,,,98,,,,,,
2026-03-31,15.00,184.0,,1450,,105,,129,81,,,
2026-04-01,15.00,183.6,"Plateau again, but clothes fit differently, ""scale isn't everything"", per my coach.",1350,,,,,,,,
2026-04-02,15.00,184.9,Heartburn after late meal.,1220,,,,137,84,,,
2026-04-05,15.00,184.3,"Mild headache, drank extra water.",1260,,100,,,,,,
2026-04-07,15.00,185.2,,1220,Pizza (2 slices),,,125,82,38.2,33.9,95.2
2026-04-08,15.00,183.7,"Plateau again, but clothes fit differently, ""scale isn't everything"", per my coach.",1610,,100,,,,,,
2026-04-09,15.00,185.6,,,,99,,127,83,,,
2026-04-11,15.00,183.5,,1560,"Grilled chicken, vegetables",99,,,,,,
2026-04-14,15.00,185.4,,1630,Smoothie; tuna salad,102,,116,81,,,
2026-04-15,15.00,183.5,,2390,,,,,,,,
2026-04-16,15.00,183.6,,1150,Smoothie; tuna salad,,,131,79,,,
2026-04-17,15.00,185.2,Noticeably smaller portions at dinner.,,,96,,,,37.8,33.4,94.9
2026-04-18,15.00,184.5,Felt full after half a plate.,1710,,,,127,85,,,
2026-04-19,15.00,185.2,,,,92,,,,,,
2026-04-20,15.00,186.2,"Mild headache, drank extra water.",,,,,130,87,,,
2026-04-21,15.00,184.5,,1870,,100,,,,,,
2026-04-22,15.00,184.6,"Injection site slightly red, faded by evening.",2250,,,,120,81,,,
2026-04-23,15.00,183.4,Food noise much quieter.,,,111,,,,,,
2026-04-24,15.00,184.1,,1370,,,,125,84,38.0,34.0,95.4
2026-04-25,15.00,184.2,,1550,Sushi,93,,,,,,
2026-04-26,15.00,185.8,Strength training session.,1870,Cottage cheese; steak and salad,,,131,74,,,
2026-04-27,15.00,184.9,,1690,,,,,,,,
2026-04-28,15.00,,,1250,,102,,131,78,,,
2026-04-29,15.00,183.3,,,,,,,,,,
2026-04-30,15.00,183.7,,,,99,,129,78,,,
2026-05-01,15.00,181.9,,1520,Sushi,90,,,,38.0,33.7,95.2
2026-05-02,15.00,184.4,,1340,Sushi,,,127,86,,,
2026-05-03,15.00,183.1,Bit of nausea after dinner.,1680,Eggs and toast; turkey wrap,97,,,,,,
2026-05-04,15.00,184.5,,1980,,98,,125,83,,,
2026-05-06,15.00,184.2,,980,Eggs and toast; turkey wrap,104,,,,,,
2026-05-09,15.00,183.4,,,,97,,129,82,,,
2026-05-10,15.00,183.8,,,,99,,,,,,
2026-05-12,15.00,184.7,,1680,,,,125,86,37.7,33.5,95.6
2026-05-13,15.00,182.5,,1640,Smoothie; tuna salad,106,,,,,,
2026-05-14,15.00,183.2,Slight fatigue in the afternoon.,2420,,,,130,81,,,
2026-05-15,15.00,182.2,,,,,,,,,,
2026-05-16,15.00,182.3,,,,99,,136,78,,,
2026-05-17,15.00,183.3,,1710,Oatmeal; soup and sandwich,95,,,,,,
2026-05-18,15.00,183.8,Long hike on the weekend.,,,103,,129,81,,,
2026-05-19,15.00,183.1,,1770,Chicken stir fry,,,,,37.4,32.9,95.5
2026-05-20,15.00,183.8,"Injection day, rotated to thigh.",,,109,,126,84,,,
2026-05-22,15.00,184.3,,1530,Salad with shrimp,98,,,,,,
2026-05-23,15.00,184.8,,,,,,126,83,,,
2026-05-25,15.00,185.5,,1780,Pizza (2 slices),,,,,,,
2026-05-26,15.00,185.8,,,,,,119,77,,,
2026-05-27,15.00,184.5,,1650,,95,,,,,,
2026-05-28,15.00,182.9,,1340,,,,127,78,37.4,33.3,95.0
2026-05-29,15.00,183.9,,,,,,,,,,
2026-05-30,15.00,183.6,,,,99,,120,77,,,
2026-05-31,15.00,184.3,,,,104,,,,,,
2026-06-01,15.00,184.4,Walked 45 min.,,,,,130,83,,,
2026-06-02,15.00,182.6,,1320,,99,,,,,,
2026-06-03,15.00,182.6,,1410,"Greek yogurt, berries; chicken salad",,,130,78,,,
2026-06-04,15.00,180.1,,,,,,,,36.9,33.6,95.3
2026-06-06,15.00,179.0,,1460,,96,,124,78,,,
2026-06-07,15.00,181.2,,,,,,,,,,
2026-06-08,15.00,182.3,,1070,Smoothie; tuna salad,,,127,86,,,
2026-06-10,15.00,181.3,Felt full after half a plate.,2090,Smoothie; tuna salad,109,,,,,,
2026-06-11,15.00,181.7,,1500,Oatmeal; soup and sandwich,,,120,86,,,
2026-06-12,15.00,181.5,Low appetite today.,1300,,101,,,,,,
2026-06-13,15.00,180.0,,1500,,92,,128,80,37.1,33.0,94.6
2026-06-14,15.00,180.5,,1950,Burrito bowl,,,,,,,
2026-06-16,15.00,181.6,,1740,Oatmeal; soup and sandwich,,,116,85,,,
2026-06-17,15.00,180.2,,,,,,,,,,
2026-06-19,15.00,180.9,,1460,,,,123,79,,,
2026-06-20,15.00,180.9,,1060,,,,,,,,
2026-06-21,15.00,179.7,,,,,,125,82,,,
2026-06-22,15.00,180.6,,1700,Salad with shrimp,102,,,,36.7,32.6,94.6
2026-06-23,15.00,179.4,,,,109,,129,78,,,
2026-06-24,15.00,179.7,"Injection site slightly red, faded by evening.",1470,,,,,,,,
2026-06-25,15.00,181.7,Slight fatigue in the afternoon.,1260,"Grilled chicken, vegetables",,,128,85,,,
2026-06-27,15.00,179.3,,1640,,91,,,,,,
2026-06-28,15.00,182.7,,,,,,129,80,,,
2026-06-30,15.00,180.9,,1680,Smoothie; tuna salad,,,,,,,
2026-07-01,15.00,179.2,,2150,,94,,120,83,37.1,32.7,94.4
2026-07-02,15.00,181.8,Heartburn after late meal.,1200,,92,,,,,,
2026-07-03,15.00,180.7,"Felt good, steady energy.",,,,,123,81,,,
2026-07-04,15.00,180.5,BBQ at friends'.,2300,"Burger, corn, potato salad",,,,,,,
2026-07-05,15.00,180.9,,1750,Cottage cheese; steak and salad,93,,128,79,,,
2026-07-06,15.00,180.7,,1540,Salad with shrimp,,,,,,,
2026-07-07,15.00,179.1,,1750,,,,113,79,,,
2026-07-08,15.00,179.8,,1630,"Grilled chicken, vegetables",,,,,37.0,32.1,94.6
2026-07-10,15.00,181.1,,1370,Chicken stir fry,,,115,83,,,
2026-07-11,15.00,180.8,,1620,,,,,,,,
2026-07-12,15.00,180.0,,1300,,94,,123,78,,,
2026-07-14,15.00,180.3,,1400,"Grilled chicken, vegetables",95,,,,,,
2026-07-15,15.00,181.2,,1590,,,,122,82,,,
2026-07-17,15.00,181.2,,1310,Chicken stir fry,96,,,,,,
2026-07-20,15.00,179.5,,1370,Smoothie; tuna salad,,,122,84,36.8,32.1,93.5
2026-07-22,15.00,178.5,,1470,Smoothie; tuna salad,115,,,,,,
2026-07-23,15.00,179.6,,,,,,121,83,,,
2026-07-24,15.00,178.5,,1040,,,,,,,,
2026-07-25,15.00,178.7,Low appetite today.,,,,,128,85,,,
2026-07-26,15.00,181.0,,,,93,,,,,,
2026-07-27,15.00,181.9,,,,,,119,82,,,
2026-07-29,15.00,180.6,"Injection day, rotated to thigh.",1440,,92,,,,36.2,32.1,94.3
2026-07-30,15.00,179.7,,,,,,114,76,,,
2026-07-31,15.00,178.8,,1580,,,,,,,,
2026-08-01,15.00,180.2,,,,94,,113,83,,,
2026-08-02,15.00,181.2,,1530,,,,,,,,
2026-08-04,15.00,178.9,,1540,Pizza (2 slices),99,,116,79,,,
2026-08-05,15.00,178.6,,1440,,,,,,,,
2026-08-06,15.00,179.1,,1700,Tacos (2),,,120,79,36.7,31.6,94.0
2026-08-08,15.00,179.2,,1690,,100,,,,,,
2026-08-09,15.00,180.4,,,,,,118,80,,,
2026-08-10,15.00,180.0,,1340,,103,,,,,,
2026-08-11,15.00,179.5,,,,,,128,79,,,
2026-08-12,15.00,178.9,"Felt good, steady energy.",,,103,,,,,,
2026-08-14,15.00,179.4,"Felt good, steady energy.",1740,,99,,123,82,,,
2026-08-15,15.00,179.4,,,,95,,,,36.3,31.7,93.0
2026-08-16,15.00,180.2,,930,,,,120,75,,,
2026-08-17,15.00,180.2,,1380,,,,,,,,
2026-08-18,15.00,178.1,"Injection site slightly red, faded by evening.",1560,,,,118,82,,,
2026-08-19,15.00,178.8,,,,97,,,,,,
2026-08-20,15.00,180.0,,1540,,,,114,77,,,
2026-08-21,15.00,177.9,,,,,,,,,,
2026-08-22,15.00,179.1,,1400,,,,124,81,36.2,32.3,94.2
2026-08-23,15.00,177.7,Low appetite today.,,,99,,,,,,
2026-08-25,15.00,,,1740,Pizza (2 slices),99,,120,81,,,
2026-08-26,15.00,178.8,,1220,,104,,,,,,
2026-08-27,15.00,178.3,"Constipation, increasing water and fiber.",1580,Cottage cheese; steak and salad,104,,120,75,,,
2026-08-28,15.00,178.4,,1590,Protein shake; salmon and rice,,,,,,,
2026-08-29,15.00,178.0,,,,,,113,77,,,
2026-09-01,15.00,178.7,Strength training session.,,,,,,,35.7,31.3,93.8
2026-09-02,15.00,179.1,Low appetite today.,1850,Oatmeal; soup and sandwich,,,123,77,,,
2026-09-03,15.00,176.7,,1260,,95,,,,,,
2026-09-04,15.00,178.1,,,,,,116,76,,,
2026-09-05,15.00,178.8,,1740,,97,,,,,,
2026-09-07,15.00,179.4,,1750,,98,,113,78,,,
2026-09-08,15.00,178.2,,,,103,,,,,,
2026-09-09,15.00,177.4,,,,,,114,80,36.4,31.5,93.7
2026-09-11,15.00,178.9,,1980,,,,,,,,
2026-09-12,15.00,178.4,,,,104,,109,79,,,
2026-09-13,15.00,178.1,,,,,,,,,,
2026-09-16,15.00,179.1,,,,,,116,73,,,
2026-09-17,15.00,178.6,Slight fatigue in the afternoon.,,,97,,,,,,
2026-09-18,15.00,179.5,,,,,,122,77,,,
2026-09-19,15.00,178.0,,,,,,,,36.0,31.1,94.3
2026-09-20,15.00,177.6,,1860,"Greek yogurt, berries; chicken salad",,,110,76,,,
2026-09-21,15.00,177.5,,1260,,94,,,,,,
2026-09-22,15.00,179.5,,1680,,97,,120,77,,,
2026-09-23,15.00,178.4,"Injection site slightly red, faded by evening.",1420,,,,,,,,
2026-09-24,15.00,178.4,,900,,103,,121,80,,,
2026-09-26,15.00,178.1,,1640,,,,,,,,
2026-09-28,15.00,178.5,,1480,Sushi,,,121,79,35.3,30.9,93.8
2026-09-30,15.00,175.9,"Injection site slightly red, faded by evening.",,,97,,,,,,
